{
	"partitions" : [
		{
			"name" : "Top",
			"pins" : [
				{
					"name" : "offsetX[0]",
					"strict" : false
				},
				{
					"name" : "offsetX[1]",
					"strict" : false
				},
				{
					"name" : "offsetX[2]",
					"strict" : false
				},
				{
					"name" : "offsetX[3]",
					"strict" : false
				},
				{
					"name" : "offsetX[4]",
					"strict" : false
				},
				{
					"name" : "offsetX[5]",
					"strict" : false
				},
				{
					"name" : "offsetX[6]",
					"strict" : false
				},
				{
					"name" : "offsetX[7]",
					"strict" : false
				},
				{
					"name" : "offsetX[8]",
					"strict" : false
				},
				{
					"name" : "offsetX[9]",
					"strict" : false
				},
				{
					"name" : "offsetX[10]",
					"strict" : false
				},
				{
					"name" : "offsetY[0]",
					"strict" : false
				},
				{
					"name" : "offsetY[1]",
					"strict" : false
				},
				{
					"name" : "offsetY[2]",
					"strict" : false
				},
				{
					"name" : "offsetY[3]",
					"strict" : false
				},
				{
					"name" : "offsetY[4]",
					"strict" : false
				},
				{
					"name" : "offsetY[5]",
					"strict" : false
				},
				{
					"name" : "offsetY[6]",
					"strict" : false
				},
				{
					"name" : "offsetY[7]",
					"strict" : false
				},
				{
					"name" : "offsetY[8]",
					"strict" : false
				},
				{
					"name" : "offsetY[9]",
					"strict" : false
				},
				{
					"name" : "offsetY[10]",
					"strict" : false
				},
				{
					"name" : "score[0]",
					"strict" : false
				},
				{
					"name" : "score[1]",
					"strict" : false
				},
				{
					"name" : "score[2]",
					"strict" : false
				},
				{
					"name" : "score[3]",
					"strict" : false
				},
				{
					"name" : "score[4]",
					"strict" : false
				},
				{
					"name" : "score[5]",
					"strict" : false
				},
				{
					"name" : "score[6]",
					"strict" : false
				},
				{
					"name" : "score[7]",
					"strict" : false
				},
				{
					"name" : "score[8]",
					"strict" : false
				},
				{
					"name" : "score[9]",
					"strict" : false
				},
				{
					"name" : "reset",
					"strict" : false
				},
				{
					"name" : "clk",
					"strict" : false
				},
				{
					"name" : "ry[0]",
					"strict" : false
				},
				{
					"name" : "curScore[0]",
					"strict" : false
				},
				{
					"name" : "var[0]",
					"strict" : false
				},
				{
					"name" : "rx[0]",
					"strict" : false
				},
				{
					"name" : "ry[1]",
					"strict" : false
				},
				{
					"name" : "curScore[1]",
					"strict" : false
				},
				{
					"name" : "var[1]",
					"strict" : false
				},
				{
					"name" : "rx[1]",
					"strict" : false
				},
				{
					"name" : "ry[3]",
					"strict" : false
				},
				{
					"name" : "curScore[3]",
					"strict" : false
				},
				{
					"name" : "var[3]",
					"strict" : false
				},
				{
					"name" : "rx[3]",
					"strict" : false
				},
				{
					"name" : "ry[2]",
					"strict" : false
				},
				{
					"name" : "curScore[2]",
					"strict" : false
				},
				{
					"name" : "var[2]",
					"strict" : false
				},
				{
					"name" : "rx[2]",
					"strict" : false
				},
				{
					"name" : "ry[7]",
					"strict" : false
				},
				{
					"name" : "curScore[7]",
					"strict" : false
				},
				{
					"name" : "rx[7]",
					"strict" : false
				},
				{
					"name" : "ry[6]",
					"strict" : false
				},
				{
					"name" : "curScore[6]",
					"strict" : false
				},
				{
					"name" : "rx[6]",
					"strict" : false
				},
				{
					"name" : "ry[5]",
					"strict" : false
				},
				{
					"name" : "curScore[5]",
					"strict" : false
				},
				{
					"name" : "rx[5]",
					"strict" : false
				},
				{
					"name" : "ry[4]",
					"strict" : false
				},
				{
					"name" : "curScore[4]",
					"strict" : false
				},
				{
					"name" : "rx[4]",
					"strict" : false
				},
				{
					"name" : "ry[9]",
					"strict" : false
				},
				{
					"name" : "curScore[9]",
					"strict" : false
				},
				{
					"name" : "rx[9]",
					"strict" : false
				},
				{
					"name" : "ry[10]",
					"strict" : false
				},
				{
					"name" : "rx[10]",
					"strict" : false
				},
				{
					"name" : "ry[8]",
					"strict" : false
				},
				{
					"name" : "curScore[8]",
					"strict" : false
				},
				{
					"name" : "rx[8]",
					"strict" : false
				}
			]
		}
	]
}